
{
  "deviceOrientation" : "landscape",
  "iOSHighPerformance" : true,
  "subpackages"        : [
    {
      "name" : "wasmcode",
      "root" : "wasmcode/"
    },
    {
      "name" : "data-package",
      "root" : "data-package/"
    }
  ],
  "parallelPreloadSubpackages" : [
    {
      "name" : "wasmcode"
    }
  ],
  "plugins"                    : {
    "UnityPlugin" : {
      "version" : "1.2.31",
      "provider" : "wxe5a48f1ed5f544b7",
      "contexts" : [
        {
          "type" : "isolatedContext"
        }
      ]
    }
  },
  "workers"                    : "workers"
}